,National Flag,Area,Population,Iso,Country,Capital,Continent,Tld,Currency Code,Currency Name,Phone,Postal Code Format,Postal Code Regex,Languages,Neighbours,TimeStamp
0,Afghanistan-1.png,647500 square kilometres,29121286,AF,Afghanistan,Kabul,AS,.af,AFN,Afghani,93,,,"fa-AF,ps,uz-AF,tk",TM CN IR TJ PK UZ ,11/4 10:0
1,Aland-Islands-2.png,1580 square kilometres,26711,AX,Aland Islands,Mariehamn,EU,.ax,EUR,Euro,+358-18,#####,^(?:FI)*(\d{5})$,sv-AX, ,11/4 10:0
2,Albania-3.png,28748 square kilometres,2986952,AL,Albania,Tirana,EU,.al,ALL,Lek,355,,,"sq,el",MK GR CS ME RS XK ,11/4 10:1
3,Algeria-4.png,2381740 square kilometres,34586184,DZ,Algeria,Algiers,AF,.dz,DZD,Dinar,213,#####,^(\d{5})$,ar-DZ,NE EH LY MR TN MA ML ,11/4 10:1
4,American-Samoa-5.png,199 square kilometres,57881,AS,American Samoa,Pago Pago,OC,.as,USD,Dollar,+1-684,,,"en-AS,sm,to", ,11/4 10:1
5,Andorra-6.png,468 square kilometres,84000,AD,Andorra,Andorra la Vella,EU,.ad,EUR,Euro,376,AD###,^(?:AD)*(\d{3})$,ca,ES FR ,11/4 10:1
6,Angola-7.png,1246700 square kilometres,13068161,AO,Angola,Luanda,AF,.ao,AOA,Kwanza,244,,,pt-AO,CD NA ZM CG ,11/4 10:1
7,Anguilla-8.png,102 square kilometres,13254,AI,Anguilla,The Valley,NA,.ai,XCD,Dollar,+1-264,,,en-AI, ,11/4 10:1
8,Antarctica-9.png,14000000 square kilometres,0,AQ,Antarctica,,AN,.aq,,,,,,, ,11/4 10:1
9,Antigua-and-Barbuda-10.png,443 square kilometres,86754,AG,Antigua and Barbuda,St. John's,NA,.ag,XCD,Dollar,+1-268,,,en-AG, ,11/4 10:1
10,Argentina-11.png,2766890 square kilometres,41343201,AR,Argentina,Buenos Aires,SA,.ar,ARS,Peso,54,@####@@@,^([A-Z]\d{4}[A-Z]{3})$,"es-AR,en,it,de,fr,gn",CL BO UY PY BR ,11/4 10:1
11,Armenia-12.png,29800 square kilometres,2968000,AM,Armenia,Yerevan,AS,.am,AMD,Dram,374,######,^(\d{6})$,hy,GE IR AZ TR ,11/4 10:1
12,Aruba-13.png,193 square kilometres,71566,AW,Aruba,Oranjestad,NA,.aw,AWG,Guilder,297,,,"nl-AW,es,en", ,11/4 10:1
13,Australia-14.png,7686850 square kilometres,21515754,AU,Australia,Canberra,OC,.au,AUD,Dollar,61,####,^(\d{4})$,en-AU, ,11/4 10:1
14,Austria-15.png,83858 square kilometres,8205000,AT,Austria,Vienna,EU,.at,EUR,Euro,43,####,^(\d{4})$,"de-AT,hr,hu,sl",CH DE HU SK CZ IT SI LI ,11/4 10:1
15,Azerbaijan-16.png,86600 square kilometres,8303512,AZ,Azerbaijan,Baku,AS,.az,AZN,Manat,994,AZ ####,^(?:AZ)*(\d{4})$,"az,ru,hy",GE IR AM TR RU ,11/4 10:1
16,Bahamas-17.png,13940 square kilometres,301790,BS,Bahamas,Nassau,NA,.bs,BSD,Dollar,+1-242,,,en-BS, ,11/4 10:1
17,Bahrain-18.png,665 square kilometres,738004,BH,Bahrain,Manama,AS,.bh,BHD,Dinar,973,####|###,^(\d{3}\d?)$,"ar-BH,en,fa,ur", ,11/4 10:1
18,Bangladesh-19.png,144000 square kilometres,156118464,BD,Bangladesh,Dhaka,AS,.bd,BDT,Taka,880,####,^(\d{4})$,"bn-BD,en",MM IN ,11/4 10:1
19,Barbados-20.png,431 square kilometres,285653,BB,Barbados,Bridgetown,NA,.bb,BBD,Dollar,+1-246,BB#####,^(?:BB)*(\d{5})$,en-BB, ,11/4 10:1
20,Belarus-21.png,207600 square kilometres,9685000,BY,Belarus,Minsk,EU,.by,BYR,Ruble,375,######,^(\d{6})$,"be,ru",PL LT UA RU LV ,11/4 10:1
21,Belgium-22.png,30510 square kilometres,10403000,BE,Belgium,Brussels,EU,.be,EUR,Euro,32,####,^(\d{4})$,"nl-BE,fr-BE,de-BE",DE NL LU FR ,11/4 10:1
22,Belize-23.png,22966 square kilometres,314522,BZ,Belize,Belmopan,NA,.bz,BZD,Dollar,501,,,"en-BZ,es",GT MX ,11/4 10:1
23,Benin-24.png,112620 square kilometres,9056010,BJ,Benin,Porto-Novo,AF,.bj,XOF,Franc,229,,,fr-BJ,NE TG BF NG ,11/4 10:1
24,Bermuda-25.png,53 square kilometres,65365,BM,Bermuda,Hamilton,NA,.bm,BMD,Dollar,+1-441,@@ ##,^([A-Z]{2}\d{2})$,"en-BM,pt", ,11/4 10:1
25,Bhutan-26.png,47000 square kilometres,699847,BT,Bhutan,Thimphu,AS,.bt,BTN,Ngultrum,975,,,dz,CN IN ,11/4 10:1
26,Bolivia-27.png,1098580 square kilometres,9947418,BO,Bolivia,Sucre,SA,.bo,BOB,Boliviano,591,,,"es-BO,qu,ay",PE CL PY BR AR ,11/4 10:1
27,Bonaire-Saint-Eustatius-and-Saba-28.png,328 square kilometres,18012,BQ,"Bonaire, Saint Eustatius and Saba",,NA,.bq,USD,Dollar,599,,,"nl,pap,en", ,11/4 10:1
28,Bosnia-and-Herzegovina-29.png,51129 square kilometres,4590000,BA,Bosnia and Herzegovina,Sarajevo,EU,.ba,BAM,Marka,387,#####,^(\d{5})$,"bs,hr-BA,sr-BA",CS HR ME RS ,11/4 10:1
29,Botswana-30.png,600370 square kilometres,2029307,BW,Botswana,Gaborone,AF,.bw,BWP,Pula,267,,,"en-BW,tn-BW",ZW ZA NA ,11/4 10:1
30,Bouvet-Island-31.png,49 square kilometres,0,BV,Bouvet Island,,AN,.bv,NOK,Krone,,,,, ,11/4 10:1
31,Brazil-32.png,8511965 square kilometres,201103330,BR,Brazil,Brasilia,SA,.br,BRL,Real,55,#####-###,^(\d{8})$,"pt-BR,es,en,fr",SR PE BO UY GY PY GF VE CO AR ,11/4 10:1
32,British-Indian-Ocean-Territory-33.png,60 square kilometres,4000,IO,British Indian Ocean Territory,Diego Garcia,AS,.io,USD,Dollar,246,,,en-IO, ,11/4 10:1
33,British-Virgin-Islands-34.png,153 square kilometres,21730,VG,British Virgin Islands,Road Town,NA,.vg,USD,Dollar,+1-284,,,en-VG, ,11/4 10:1
34,Brunei-35.png,5770 square kilometres,395027,BN,Brunei,Bandar Seri Begawan,AS,.bn,BND,Dollar,673,@@####,^([A-Z]{2}\d{4})$,"ms-BN,en-BN",MY ,11/4 10:1
35,Bulgaria-36.png,110910 square kilometres,7148785,BG,Bulgaria,Sofia,EU,.bg,BGN,Lev,359,####,^(\d{4})$,"bg,tr-BG",MK GR RO CS TR RS ,11/4 10:1
36,Burkina-Faso-37.png,274200 square kilometres,16241811,BF,Burkina Faso,Ouagadougou,AF,.bf,XOF,Franc,226,,,fr-BF,NE BJ GH CI TG ML ,11/4 10:1
37,Burundi-38.png,27830 square kilometres,9863117,BI,Burundi,Bujumbura,AF,.bi,BIF,Franc,257,,,"fr-BI,rn",TZ CD RW ,11/4 10:1
38,Cambodia-39.png,181040 square kilometres,14453680,KH,Cambodia,Phnom Penh,AS,.kh,KHR,Riels,855,#####,^(\d{5})$,"km,fr,en",LA TH VN ,11/4 10:1
39,Cameroon-40.png,475440 square kilometres,19294149,CM,Cameroon,Yaounde,AF,.cm,XAF,Franc,237,,,"en-CM,fr-CM",TD CF GA GQ CG NG ,11/4 10:1
40,Canada-41.png,9984670 square kilometres,33679000,CA,Canada,Ottawa,NA,.ca,CAD,Dollar,1,@#@ #@#,^([ABCEGHJKLMNPRSTVXY]\d[ABCEGHJKLMNPRSTVWXYZ]) ?(\d[ABCEGHJKLMNPRSTVWXYZ]\d)$,"en-CA,fr-CA,iu",US ,11/4 10:1
41,Cape-Verde-42.png,4033 square kilometres,508659,CV,Cape Verde,Praia,AF,.cv,CVE,Escudo,238,####,^(\d{4})$,pt-CV, ,11/4 10:1
42,Cayman-Islands-43.png,262 square kilometres,44270,KY,Cayman Islands,George Town,NA,.ky,KYD,Dollar,+1-345,,,en-KY, ,11/4 10:1
43,Central-African-Republic-44.png,622984 square kilometres,4844927,CF,Central African Republic,Bangui,AF,.cf,XAF,Franc,236,,,"fr-CF,sg,ln,kg",TD SD CD SS CM CG ,11/4 10:1
44,Chad-45.png,1284000 square kilometres,10543464,TD,Chad,N'Djamena,AF,.td,XAF,Franc,235,,,"fr-TD,ar-TD,sre",NE LY CF SD CM NG ,11/4 10:1
45,Chile-46.png,756950 square kilometres,16746491,CL,Chile,Santiago,SA,.cl,CLP,Peso,56,#######,^(\d{7})$,es-CL,PE BO AR ,11/4 10:1
46,China-47.png,9596960 square kilometres,1330044000,CN,China,Beijing,AS,.cn,CNY,Yuan Renminbi,86,######,^(\d{6})$,"zh-CN,yue,wuu,dta,ug,za",LA BT TJ KZ MN AF NP MM KG PK KP RU VN IN ,11/4 10:1
47,Christmas-Island-48.png,135 square kilometres,1500,CX,Christmas Island,Flying Fish Cove,AS,.cx,AUD,Dollar,61,####,^(\d{4})$,"en,zh,ms-CC", ,11/4 10:1
48,Cocos-Islands-49.png,14 square kilometres,628,CC,Cocos Islands,West Island,AS,.cc,AUD,Dollar,61,,,"ms-CC,en", ,11/4 10:1
49,Colombia-50.png,1138910 square kilometres,44205293,CO,Colombia,Bogota,SA,.co,COP,Peso,57,,,es-CO,EC PE PA BR VE ,11/4 10:1
50,Comoros-51.png,2170 square kilometres,773407,KM,Comoros,Moroni,AF,.km,KMF,Franc,269,,,"ar,fr-KM", ,11/4 10:1
51,Cook-Islands-52.png,240 square kilometres,21388,CK,Cook Islands,Avarua,OC,.ck,NZD,Dollar,682,,,"en-CK,mi", ,11/4 10:1
52,Costa-Rica-53.png,51100 square kilometres,4516220,CR,Costa Rica,San Jose,NA,.cr,CRC,Colon,506,####,^(\d{4})$,"es-CR,en",PA NI ,11/4 10:1
53,Croatia-54.png,56542 square kilometres,4491000,HR,Croatia,Zagreb,EU,.hr,HRK,Kuna,385,#####,^(?:HR)*(\d{5})$,"hr-HR,sr",HU SI CS BA ME RS ,11/4 10:1
54,Cuba-55.png,110860 square kilometres,11423000,CU,Cuba,Havana,NA,.cu,CUP,Peso,53,CP #####,^(?:CP)*(\d{5})$,es-CU,US ,11/4 10:1
55,Curacao-56.png,444 square kilometres,141766,CW,Curacao,Willemstad,NA,.cw,ANG,Guilder,599,,,"nl,pap", ,11/4 10:1
56,Cyprus-57.png,9250 square kilometres,1102677,CY,Cyprus,Nicosia,EU,.cy,EUR,Euro,357,####,^(\d{4})$,"el-CY,tr-CY,en", ,11/4 10:1
57,Czech-Republic-58.png,78866 square kilometres,10476000,CZ,Czech Republic,Prague,EU,.cz,CZK,Koruna,420,### ##,^(\d{5})$,"cs,sk",PL DE SK AT ,11/4 10:1
58,Democratic-Republic-of-the-Congo-59.png,2345410 square kilometres,70916439,CD,Democratic Republic of the Congo,Kinshasa,AF,.cd,CDF,Franc,243,,,"fr-CD,ln,kg",TZ CF SS RW ZM BI UG CG AO ,11/4 10:1
59,Denmark-60.png,43094 square kilometres,5484000,DK,Denmark,Copenhagen,EU,.dk,DKK,Krone,45,####,^(\d{4})$,"da-DK,en,fo,de-DK",DE ,11/4 10:1
60,Djibouti-61.png,23000 square kilometres,740528,DJ,Djibouti,Djibouti,AF,.dj,DJF,Franc,253,,,"fr-DJ,ar,so-DJ,aa",ER ET SO ,11/4 10:1
61,Dominica-62.png,754 square kilometres,72813,DM,Dominica,Roseau,NA,.dm,XCD,Dollar,+1-767,,,en-DM, ,11/4 10:1
62,Dominican-Republic-63.png,48730 square kilometres,9823821,DO,Dominican Republic,Santo Domingo,NA,.do,DOP,Peso,+1-809 and 1-829,#####,^(\d{5})$,es-DO,HT ,11/4 10:1
63,East-Timor-64.png,15007 square kilometres,1154625,TL,East Timor,Dili,OC,.tl,USD,Dollar,670,,,"tet,pt-TL,id,en",ID ,11/4 10:1
64,Ecuador-65.png,283560 square kilometres,14790608,EC,Ecuador,Quito,SA,.ec,USD,Dollar,593,@####@,^([a-zA-Z]\d{4}[a-zA-Z])$,es-EC,PE CO ,11/4 10:1
65,Egypt-66.png,1001450 square kilometres,80471869,EG,Egypt,Cairo,AF,.eg,EGP,Pound,20,#####,^(\d{5})$,"ar-EG,en,fr",LY SD IL ,11/4 10:1
66,El-Salvador-67.png,21040 square kilometres,6052064,SV,El Salvador,San Salvador,NA,.sv,USD,Dollar,503,CP ####,^(?:CP)*(\d{4})$,es-SV,GT HN ,11/4 10:1
67,Equatorial-Guinea-68.png,28051 square kilometres,1014999,GQ,Equatorial Guinea,Malabo,AF,.gq,XAF,Franc,240,,,"es-GQ,fr",GA CM ,11/4 10:1
68,Eritrea-69.png,121320 square kilometres,5792984,ER,Eritrea,Asmara,AF,.er,ERN,Nakfa,291,,,"aa-ER,ar,tig,kun,ti-ER",ET SD DJ ,11/4 10:1
69,Estonia-70.png,45226 square kilometres,1291170,EE,Estonia,Tallinn,EU,.ee,EUR,Euro,372,#####,^(\d{5})$,"et,ru",RU LV ,11/4 10:1
70,Ethiopia-71.png,1127127 square kilometres,88013491,ET,Ethiopia,Addis Ababa,AF,.et,ETB,Birr,251,####,^(\d{4})$,"am,en-ET,om-ET,ti-ET,so-ET,sid",ER KE SD SS SO DJ ,11/4 10:1
71,Falkland-Islands-72.png,12173 square kilometres,2638,FK,Falkland Islands,Stanley,SA,.fk,FKP,Pound,500,,,en-FK, ,11/4 10:1
72,Faroe-Islands-73.png,1399 square kilometres,48228,FO,Faroe Islands,Torshavn,EU,.fo,DKK,Krone,298,FO-###,^(?:FO)*(\d{3})$,"fo,da-FO", ,11/4 10:1
73,Fiji-74.png,18270 square kilometres,875983,FJ,Fiji,Suva,OC,.fj,FJD,Dollar,679,,,"en-FJ,fj", ,11/4 10:1
74,Finland-75.png,337030 square kilometres,5244000,FI,Finland,Helsinki,EU,.fi,EUR,Euro,358,#####,^(?:FI)*(\d{5})$,"fi-FI,sv-FI,smn",NO RU SE ,11/4 10:1
75,France-76.png,547030 square kilometres,64768389,FR,France,Paris,EU,.fr,EUR,Euro,33,#####,^(\d{5})$,"fr-FR,frp,br,co,ca,eu,oc",CH DE BE LU IT AD MC ES ,11/4 10:1
76,French-Guiana-77.png,91000 square kilometres,195506,GF,French Guiana,Cayenne,SA,.gf,EUR,Euro,594,#####,^((97|98)3\d{2})$,fr-GF,SR BR ,11/4 10:1
77,French-Polynesia-78.png,4167 square kilometres,270485,PF,French Polynesia,Papeete,OC,.pf,XPF,Franc,689,#####,^((97|98)7\d{2})$,"fr-PF,ty", ,11/4 10:1
78,French-Southern-Territories-79.png,7829 square kilometres,140,TF,French Southern Territories,Port-aux-Francais,AN,.tf,EUR,Euro,,,,fr, ,11/4 10:1
79,Gabon-80.png,267667 square kilometres,1545255,GA,Gabon,Libreville,AF,.ga,XAF,Franc,241,,,fr-GA,CM GQ CG ,11/4 10:1
80,Gambia-81.png,11300 square kilometres,1593256,GM,Gambia,Banjul,AF,.gm,GMD,Dalasi,220,,,"en-GM,mnk,wof,wo,ff",SN ,11/4 10:1
81,Georgia-82.png,69700 square kilometres,4630000,GE,Georgia,Tbilisi,AS,.ge,GEL,Lari,995,####,^(\d{4})$,"ka,ru,hy,az",AM AZ TR RU ,11/4 10:1
82,Germany-83.png,357021 square kilometres,81802257,DE,Germany,Berlin,EU,.de,EUR,Euro,49,#####,^(\d{5})$,de,CH PL NL DK BE CZ LU FR AT ,11/4 10:1
83,Ghana-84.png,239460 square kilometres,24339838,GH,Ghana,Accra,AF,.gh,GHS,Cedi,233,,,"en-GH,ak,ee,tw",CI TG BF ,11/4 10:1
84,Gibraltar-85.png,6 square kilometres,27884,GI,Gibraltar,Gibraltar,EU,.gi,GIP,Pound,350,,,"en-GI,es,it,pt",ES ,11/4 10:1
85,Greece-86.png,131940 square kilometres,11000000,GR,Greece,Athens,EU,.gr,EUR,Euro,30,### ##,^(\d{5})$,"el-GR,en,fr",AL MK TR BG ,11/4 10:1
86,Greenland-87.png,2166086 square kilometres,56375,GL,Greenland,Nuuk,NA,.gl,DKK,Krone,299,####,^(\d{4})$,"kl,da-GL,en", ,11/4 10:1
87,Grenada-88.png,344 square kilometres,107818,GD,Grenada,St. George's,NA,.gd,XCD,Dollar,+1-473,,,en-GD, ,11/4 10:1
88,Guadeloupe-89.png,1780 square kilometres,443000,GP,Guadeloupe,Basse-Terre,NA,.gp,EUR,Euro,590,#####,^((97|98)\d{3})$,fr-GP,AN ,11/4 10:1
89,Guam-90.png,549 square kilometres,159358,GU,Guam,Hagatna,OC,.gu,USD,Dollar,+1-671,969##,^(969\d{2})$,"en-GU,ch-GU", ,11/4 10:1
90,Guatemala-91.png,108890 square kilometres,13550440,GT,Guatemala,Guatemala City,NA,.gt,GTQ,Quetzal,502,#####,^(\d{5})$,es-GT,MX HN BZ SV ,11/4 10:1
91,Guernsey-92.png,78 square kilometres,65228,GG,Guernsey,St Peter Port,EU,.gg,GBP,Pound,+44-1481,@# #@@|@## #@@|@@# #@@|@@## #@@|@#@ #@@|@@#@ #@@|GIR0AA,^(([A-Z]\d{2}[A-Z]{2})|([A-Z]\d{3}[A-Z]{2})|([A-Z]{2}\d{2}[A-Z]{2})|([A-Z]{2}\d{3}[A-Z]{2})|([A-Z]\d[A-Z]\d[A-Z]{2})|([A-Z]{2}\d[A-Z]\d[A-Z]{2})|(GIR0AA))$,"en,fr", ,11/4 10:1
92,Guinea-93.png,245857 square kilometres,10324025,GN,Guinea,Conakry,AF,.gn,GNF,Franc,224,,,fr-GN,LR SN SL CI GW ML ,11/4 10:1
93,Guinea-Bissau-94.png,36120 square kilometres,1565126,GW,Guinea-Bissau,Bissau,AF,.gw,XOF,Franc,245,####,^(\d{4})$,"pt-GW,pov",SN GN ,11/4 10:1
94,Guyana-95.png,214970 square kilometres,748486,GY,Guyana,Georgetown,SA,.gy,GYD,Dollar,592,,,en-GY,SR BR VE ,11/4 10:1
95,Haiti-96.png,27750 square kilometres,9648924,HT,Haiti,Port-au-Prince,NA,.ht,HTG,Gourde,509,HT####,^(?:HT)*(\d{4})$,"ht,fr-HT",DO ,11/4 10:1
96,Heard-Island-and-McDonald-Islands-97.png,412 square kilometres,0,HM,Heard Island and McDonald Islands,,AN,.hm,AUD,Dollar,,,,, ,11/4 10:1
97,Honduras-98.png,112090 square kilometres,7989415,HN,Honduras,Tegucigalpa,NA,.hn,HNL,Lempira,504,@@####,^([A-Z]{2}\d{4})$,es-HN,GT NI SV ,11/4 10:1
98,Hong-Kong-99.png,1092 square kilometres,6898686,HK,Hong Kong,Hong Kong,AS,.hk,HKD,Dollar,852,,,"zh-HK,yue,zh,en", ,11/4 10:1
99,Hungary-100.png,93030 square kilometres,9982000,HU,Hungary,Budapest,EU,.hu,HUF,Forint,36,####,^(\d{4})$,hu-HU,SK SI RO UA CS HR AT RS ,11/4 10:1
100,Iceland-101.png,103000 square kilometres,308910,IS,Iceland,Reykjavik,EU,.is,ISK,Krona,354,###,^(\d{3})$,"is,en,de,da,sv,no", ,11/4 10:1
101,India-102.png,3287590 square kilometres,1173108018,IN,India,New Delhi,AS,.in,INR,Rupee,91,######,^(\d{6})$,"en-IN,hi,bn,te,mr,ta,ur,gu,kn,ml,or,pa,as,bh,sat,ks,ne,sd,kok,doi,mni,sit,sa,fr,lus,inc",CN NP MM BT PK BD ,11/4 10:1
102,Indonesia-103.png,1919440 square kilometres,242968342,ID,Indonesia,Jakarta,AS,.id,IDR,Rupiah,62,#####,^(\d{5})$,"id,en,nl,jv",PG TL MY ,11/4 10:1
103,Iran-104.png,1648000 square kilometres,76923300,IR,Iran,Tehran,AS,.ir,IRR,Rial,98,##########,^(\d{10})$,"fa-IR,ku",TM AF IQ AM PK AZ TR ,11/4 10:1
104,Iraq-105.png,437072 square kilometres,29671605,IQ,Iraq,Baghdad,AS,.iq,IQD,Dinar,964,#####,^(\d{5})$,"ar-IQ,ku,hy",SY SA IR JO TR KW ,11/4 10:1
105,Ireland-106.png,70280 square kilometres,4622917,IE,Ireland,Dublin,EU,.ie,EUR,Euro,353,,,"en-IE,ga-IE",GB ,11/4 10:1
106,Isle-of-Man-107.png,572 square kilometres,75049,IM,Isle of Man,"Douglas, Isle of Man",EU,.im,GBP,Pound,+44-1624,@# #@@|@## #@@|@@# #@@|@@## #@@|@#@ #@@|@@#@ #@@|GIR0AA,^(([A-Z]\d{2}[A-Z]{2})|([A-Z]\d{3}[A-Z]{2})|([A-Z]{2}\d{2}[A-Z]{2})|([A-Z]{2}\d{3}[A-Z]{2})|([A-Z]\d[A-Z]\d[A-Z]{2})|([A-Z]{2}\d[A-Z]\d[A-Z]{2})|(GIR0AA))$,"en,gv", ,11/4 10:1
107,Israel-108.png,20770 square kilometres,7353985,IL,Israel,Jerusalem,AS,.il,ILS,Shekel,972,#####,^(\d{5})$,"he,ar-IL,en-IL,",SY JO LB EG PS ,11/4 10:1
108,Italy-109.png,301230 square kilometres,60340328,IT,Italy,Rome,EU,.it,EUR,Euro,39,#####,^(\d{5})$,"it-IT,de-IT,fr-IT,sc,ca,co,sl",CH VA SI SM FR AT ,11/4 10:1
109,Ivory-Coast-110.png,322460 square kilometres,21058798,CI,Ivory Coast,Yamoussoukro,AF,.ci,XOF,Franc,225,,,fr-CI,LR GH GN BF ML ,11/4 10:1
110,Jamaica-111.png,10991 square kilometres,2847232,JM,Jamaica,Kingston,NA,.jm,JMD,Dollar,+1-876,,,en-JM, ,11/4 10:1
111,Japan-112.png,377835 square kilometres,127288000,JP,Japan,Tokyo,AS,.jp,JPY,Yen,81,###-####,^(\d{7})$,ja, ,11/4 10:1
112,Jersey-113.png,116 square kilometres,90812,JE,Jersey,Saint Helier,EU,.je,GBP,Pound,+44-1534,@# #@@|@## #@@|@@# #@@|@@## #@@|@#@ #@@|@@#@ #@@|GIR0AA,^(([A-Z]\d{2}[A-Z]{2})|([A-Z]\d{3}[A-Z]{2})|([A-Z]{2}\d{2}[A-Z]{2})|([A-Z]{2}\d{3}[A-Z]{2})|([A-Z]\d[A-Z]\d[A-Z]{2})|([A-Z]{2}\d[A-Z]\d[A-Z]{2})|(GIR0AA))$,"en,pt", ,11/4 10:1
113,Jordan-114.png,92300 square kilometres,6407085,JO,Jordan,Amman,AS,.jo,JOD,Dinar,962,#####,^(\d{5})$,"ar-JO,en",SY SA IQ IL PS ,11/4 10:1
114,Kazakhstan-115.png,2717300 square kilometres,15340000,KZ,Kazakhstan,Astana,AS,.kz,KZT,Tenge,7,######,^(\d{6})$,"kk,ru",TM CN KG UZ RU ,11/4 10:1
115,Kenya-116.png,582650 square kilometres,40046566,KE,Kenya,Nairobi,AF,.ke,KES,Shilling,254,#####,^(\d{5})$,"en-KE,sw-KE",ET TZ SS SO UG ,11/4 10:1
116,Kiribati-117.png,811 square kilometres,92533,KI,Kiribati,Tarawa,OC,.ki,AUD,Dollar,686,,,"en-KI,gil", ,11/4 10:1
117,Kosovo-118.png,10908 square kilometres,1800000,XK,Kosovo,Pristina,EU,,EUR,Euro,,,,"sq,sr",RS AL MK ME ,11/4 10:1
118,Kuwait-119.png,17820 square kilometres,2789132,KW,Kuwait,Kuwait City,AS,.kw,KWD,Dinar,965,#####,^(\d{5})$,"ar-KW,en",SA IQ ,11/4 10:2
119,Kyrgyzstan-120.png,198500 square kilometres,5508626,KG,Kyrgyzstan,Bishkek,AS,.kg,KGS,Som,996,######,^(\d{6})$,"ky,uz,ru",CN TJ UZ KZ ,11/4 10:2
120,Laos-121.png,236800 square kilometres,6368162,LA,Laos,Vientiane,AS,.la,LAK,Kip,856,#####,^(\d{5})$,"lo,fr,en",CN MM KH TH VN ,11/4 10:2
121,Latvia-122.png,64589 square kilometres,2217969,LV,Latvia,Riga,EU,.lv,EUR,Euro,371,LV-####,^(?:LV)*(\d{4})$,"lv,ru,lt",LT EE BY RU ,11/4 10:2
122,Lebanon-123.png,10400 square kilometres,4125247,LB,Lebanon,Beirut,AS,.lb,LBP,Pound,961,#### ####|####,^(\d{4}(\d{4})?)$,"ar-LB,fr-LB,en,hy",SY IL ,11/4 10:2
123,Lesotho-124.png,30355 square kilometres,1919552,LS,Lesotho,Maseru,AF,.ls,LSL,Loti,266,###,^(\d{3})$,"en-LS,st,zu,xh",ZA ,11/4 10:2
124,Liberia-125.png,111370 square kilometres,3685076,LR,Liberia,Monrovia,AF,.lr,LRD,Dollar,231,####,^(\d{4})$,en-LR,SL CI GN ,11/4 10:2
125,Libya-126.png,1759540 square kilometres,6461454,LY,Libya,Tripolis,AF,.ly,LYD,Dinar,218,,,"ar-LY,it,en",TD NE DZ SD TN EG ,11/4 10:2
126,Liechtenstein-127.png,160 square kilometres,35000,LI,Liechtenstein,Vaduz,EU,.li,CHF,Franc,423,####,^(\d{4})$,de-LI,CH AT ,11/4 10:2
127,Lithuania-128.png,65200 square kilometres,3565000,LT,Lithuania,Vilnius,EU,.lt,LTL,Litas,370,LT-#####,^(?:LT)*(\d{5})$,"lt,ru,pl",PL BY RU LV ,11/4 10:2
128,Luxembourg-129.png,2586 square kilometres,497538,LU,Luxembourg,Luxembourg,EU,.lu,EUR,Euro,352,L-####,^(\d{4})$,"lb,de-LU,fr-LU",DE BE FR ,11/4 10:2
129,Macao-130.png,254 square kilometres,449198,MO,Macao,Macao,AS,.mo,MOP,Pataca,853,,,"zh,zh-MO,pt", ,11/4 10:2
130,Macedonia-131.png,25333 square kilometres,2062294,MK,Macedonia,Skopje,EU,.mk,MKD,Denar,389,####,^(\d{4})$,"mk,sq,tr,rmm,sr",AL GR CS BG RS XK ,11/4 10:2
131,Madagascar-132.png,587040 square kilometres,21281844,MG,Madagascar,Antananarivo,AF,.mg,MGA,Ariary,261,###,^(\d{3})$,"fr-MG,mg", ,11/4 10:2
132,Malawi-133.png,118480 square kilometres,15447500,MW,Malawi,Lilongwe,AF,.mw,MWK,Kwacha,265,,,"ny,yao,tum,swk",TZ MZ ZM ,11/4 10:2
133,Malaysia-134.png,329750 square kilometres,28274729,MY,Malaysia,Kuala Lumpur,AS,.my,MYR,Ringgit,60,#####,^(\d{5})$,"ms-MY,en,zh,ta,te,ml,pa,th",BN TH ID ,11/4 10:2
134,Maldives-135.png,300 square kilometres,395650,MV,Maldives,Male,AS,.mv,MVR,Rufiyaa,960,#####,^(\d{5})$,"dv,en", ,11/4 10:2
135,Mali-136.png,1240000 square kilometres,13796354,ML,Mali,Bamako,AF,.ml,XOF,Franc,223,,,"fr-ML,bm",SN NE DZ CI GN MR BF ,11/4 10:2
136,Malta-137.png,316 square kilometres,403000,MT,Malta,Valletta,EU,.mt,EUR,Euro,356,@@@ ###|@@@ ##,^([A-Z]{3}\d{2}\d?)$,"mt,en-MT", ,11/4 10:2
137,Marshall-Islands-138.png,181 square kilometres,65859,MH,Marshall Islands,Majuro,OC,.mh,USD,Dollar,692,,,"mh,en-MH", ,11/4 10:2
138,Martinique-139.png,1100 square kilometres,432900,MQ,Martinique,Fort-de-France,NA,.mq,EUR,Euro,596,#####,^(\d{5})$,fr-MQ, ,11/4 10:2
139,Mauritania-140.png,1030700 square kilometres,3205060,MR,Mauritania,Nouakchott,AF,.mr,MRO,Ouguiya,222,,,"ar-MR,fuc,snk,fr,mey,wo",SN DZ EH ML ,11/4 10:2
140,Mauritius-141.png,2040 square kilometres,1294104,MU,Mauritius,Port Louis,AF,.mu,MUR,Rupee,230,,,"en-MU,bho,fr", ,11/4 10:2
141,Mayotte-142.png,374 square kilometres,159042,YT,Mayotte,Mamoudzou,AF,.yt,EUR,Euro,262,#####,^(\d{5})$,fr-YT, ,11/4 10:2
142,Mexico-143.png,1972550 square kilometres,112468855,MX,Mexico,Mexico City,NA,.mx,MXN,Peso,52,#####,^(\d{5})$,es-MX,GT US BZ ,11/4 10:2
143,Micronesia-144.png,702 square kilometres,107708,FM,Micronesia,Palikir,OC,.fm,USD,Dollar,691,#####,^(\d{5})$,"en-FM,chk,pon,yap,kos,uli,woe,nkr,kpg", ,11/4 10:2
144,Moldova-145.png,33843 square kilometres,4324000,MD,Moldova,Chisinau,EU,.md,MDL,Leu,373,MD-####,^(?:MD)*(\d{4})$,"ro,ru,gag,tr",RO UA ,11/4 10:2
145,Monaco-146.png,1 square kilometres,32965,MC,Monaco,Monaco,EU,.mc,EUR,Euro,377,#####,^(\d{5})$,"fr-MC,en,it",FR ,11/4 10:2
146,Mongolia-147.png,1565000 square kilometres,3086918,MN,Mongolia,Ulan Bator,AS,.mn,MNT,Tugrik,976,######,^(\d{6})$,"mn,ru",CN RU ,11/4 10:2
147,Montenegro-148.png,14026 square kilometres,666730,ME,Montenegro,Podgorica,EU,.me,EUR,Euro,382,#####,^(\d{5})$,"sr,hu,bs,sq,hr,rom",AL HR BA RS XK ,11/4 10:2
148,Montserrat-149.png,102 square kilometres,9341,MS,Montserrat,Plymouth,NA,.ms,XCD,Dollar,+1-664,,,en-MS, ,11/4 10:2
149,Morocco-150.png,446550 square kilometres,31627428,MA,Morocco,Rabat,AF,.ma,MAD,Dirham,212,#####,^(\d{5})$,"ar-MA,fr",DZ EH ES ,11/4 10:2
150,Mozambique-151.png,801590 square kilometres,22061451,MZ,Mozambique,Maputo,AF,.mz,MZN,Metical,258,####,^(\d{4})$,"pt-MZ,vmw",ZW TZ SZ ZA ZM MW ,11/4 10:2
151,Myanmar-152.png,678500 square kilometres,53414374,MM,Myanmar,Nay Pyi Taw,AS,.mm,MMK,Kyat,95,#####,^(\d{5})$,my,CN LA TH BD IN ,11/4 10:2
152,Namibia-153.png,825418 square kilometres,2128471,NA,Namibia,Windhoek,AF,.na,NAD,Dollar,264,,,"en-NA,af,de,hz,naq",ZA BW ZM AO ,11/4 10:2
153,Nauru-154.png,21 square kilometres,10065,NR,Nauru,Yaren,OC,.nr,AUD,Dollar,674,,,"na,en-NR", ,11/4 10:2
154,Nepal-155.png,140800 square kilometres,28951852,NP,Nepal,Kathmandu,AS,.np,NPR,Rupee,977,#####,^(\d{5})$,"ne,en",CN IN ,11/4 10:2
155,Netherlands-156.png,41526 square kilometres,16645000,NL,Netherlands,Amsterdam,EU,.nl,EUR,Euro,31,#### @@,^(\d{4}[A-Z]{2})$,"nl-NL,fy-NL",DE BE ,11/4 10:2
156,Netherlands-Antilles-157.png,960 square kilometres,136197,AN,Netherlands Antilles,Willemstad,NA,.an,ANG,Guilder,599,,,"nl-AN,en,es",GP ,11/4 10:2
157,New-Caledonia-158.png,19060 square kilometres,216494,NC,New Caledonia,Noumea,OC,.nc,XPF,Franc,687,#####,^(\d{5})$,fr-NC, ,11/4 10:2
158,New-Zealand-159.png,268680 square kilometres,4252277,NZ,New Zealand,Wellington,OC,.nz,NZD,Dollar,64,####,^(\d{4})$,"en-NZ,mi", ,11/4 10:2
159,Nicaragua-160.png,129494 square kilometres,5995928,NI,Nicaragua,Managua,NA,.ni,NIO,Cordoba,505,###-###-#,^(\d{7})$,"es-NI,en",CR HN ,11/4 10:2
160,Niger-161.png,1267000 square kilometres,15878271,NE,Niger,Niamey,AF,.ne,XOF,Franc,227,####,^(\d{4})$,"fr-NE,ha,kr,dje",TD BJ DZ LY BF NG ML ,11/4 10:2
161,Nigeria-162.png,923768 square kilometres,154000000,NG,Nigeria,Abuja,AF,.ng,NGN,Naira,234,######,^(\d{6})$,"en-NG,ha,yo,ig,ff",TD NE BJ CM ,11/4 10:2
162,Niue-163.png,260 square kilometres,2166,NU,Niue,Alofi,OC,.nu,NZD,Dollar,683,,,"niu,en-NU", ,11/4 10:2
163,Norfolk-Island-164.png,34 square kilometres,1828,NF,Norfolk Island,Kingston,OC,.nf,AUD,Dollar,672,####,^(\d{4})$,en-NF, ,11/4 10:2
164,North-Korea-165.png,120540 square kilometres,22912177,KP,North Korea,Pyongyang,AS,.kp,KPW,Won,850,###-###,^(\d{6})$,ko-KP,CN KR RU ,11/4 10:2
165,Northern-Mariana-Islands-166.png,477 square kilometres,53883,MP,Northern Mariana Islands,Saipan,OC,.mp,USD,Dollar,+1-670,,,"fil,tl,zh,ch-MP,en-MP", ,11/4 10:2
166,Norway-167.png,324220 square kilometres,5009150,NO,Norway,Oslo,EU,.no,NOK,Krone,47,####,^(\d{4})$,"no,nb,nn,se,fi",FI RU SE ,11/4 10:2
167,Oman-168.png,212460 square kilometres,2967717,OM,Oman,Muscat,AS,.om,OMR,Rial,968,###,^(\d{3})$,"ar-OM,en,bal,ur",SA YE AE ,11/4 10:2
168,Pakistan-169.png,803940 square kilometres,184404791,PK,Pakistan,Islamabad,AS,.pk,PKR,Rupee,92,#####,^(\d{5})$,"ur-PK,en-PK,pa,sd,ps,brh",CN AF IR IN ,11/4 10:2
169,Palau-170.png,458 square kilometres,19907,PW,Palau,Melekeok,OC,.pw,USD,Dollar,680,96940,^(96940)$,"pau,sov,en-PW,tox,ja,fil,zh", ,11/4 10:2
170,Palestinian-Territory-171.png,5970 square kilometres,3800000,PS,Palestinian Territory,East Jerusalem,AS,.ps,ILS,Shekel,970,,,ar-PS,JO IL ,11/4 10:2
171,Panama-172.png,78200 square kilometres,3410676,PA,Panama,Panama City,NA,.pa,PAB,Balboa,507,,,"es-PA,en",CR CO ,11/4 10:2
172,Papua-New-Guinea-173.png,462840 square kilometres,6064515,PG,Papua New Guinea,Port Moresby,OC,.pg,PGK,Kina,675,###,^(\d{3})$,"en-PG,ho,meu,tpi",ID ,11/4 10:2
173,Paraguay-174.png,406750 square kilometres,6375830,PY,Paraguay,Asuncion,SA,.py,PYG,Guarani,595,####,^(\d{4})$,"es-PY,gn",BO BR AR ,11/4 10:2
174,Peru-175.png,1285220 square kilometres,29907003,PE,Peru,Lima,SA,.pe,PEN,Sol,51,,,"es-PE,qu,ay",EC CL BO BR CO ,11/4 10:2
175,Philippines-176.png,300000 square kilometres,99900177,PH,Philippines,Manila,AS,.ph,PHP,Peso,63,####,^(\d{4})$,"tl,en-PH,fil", ,11/4 10:2
176,Pitcairn-177.png,47 square kilometres,46,PN,Pitcairn,Adamstown,OC,.pn,NZD,Dollar,870,,,en-PN, ,11/4 10:2
177,Poland-178.png,312685 square kilometres,38500000,PL,Poland,Warsaw,EU,.pl,PLN,Zloty,48,##-###,^(\d{5})$,pl,DE LT SK CZ BY UA RU ,11/4 10:2
178,Portugal-179.png,92391 square kilometres,10676000,PT,Portugal,Lisbon,EU,.pt,EUR,Euro,351,####-###,^(\d{7})$,"pt-PT,mwl",ES ,11/4 10:2
179,Puerto-Rico-180.png,9104 square kilometres,3916632,PR,Puerto Rico,San Juan,NA,.pr,USD,Dollar,+1-787 and 1-939,#####-####,^(\d{9})$,"en-PR,es-PR", ,11/4 10:2
180,Qatar-181.png,11437 square kilometres,840926,QA,Qatar,Doha,AS,.qa,QAR,Rial,974,,,"ar-QA,es",SA ,11/4 10:2
181,Republic-of-the-Congo-182.png,342000 square kilometres,3039126,CG,Republic of the Congo,Brazzaville,AF,.cg,XAF,Franc,242,,,"fr-CG,kg,ln-CG",CF GA CD CM AO ,11/4 10:2
182,Reunion-183.png,2517 square kilometres,776948,RE,Reunion,Saint-Denis,AF,.re,EUR,Euro,262,#####,^((97|98)(4|7|8)\d{2})$,fr-RE, ,11/4 10:2
183,Romania-184.png,237500 square kilometres,21959278,RO,Romania,Bucharest,EU,.ro,RON,Leu,40,######,^(\d{6})$,"ro,hu,rom",MD HU UA CS BG RS ,11/4 10:2
184,Russia-185.png,17100000 square kilometres,140702000,RU,Russia,Moscow,EU,.ru,RUB,Ruble,7,######,^(\d{6})$,"ru,tt,xal,cau,ady,kv,ce,tyv,cv,udm,tut,mns,bua,myv,mdf,chm,ba,inh,tut,kbd,krc,ava,sah,nog",GE CN BY UA KZ LV PL EE LT FI MN NO AZ KP ,11/4 10:2
185,Rwanda-186.png,26338 square kilometres,11055976,RW,Rwanda,Kigali,AF,.rw,RWF,Franc,250,,,"rw,en-RW,fr-RW,sw",TZ CD BI UG ,11/4 10:2
186,Saint-Barthelemy-187.png,21 square kilometres,8450,BL,Saint Barthelemy,Gustavia,NA,.gp,EUR,Euro,590,### ###,,fr, ,11/4 10:2
187,Saint-Helena-188.png,410 square kilometres,7460,SH,Saint Helena,Jamestown,AF,.sh,SHP,Pound,290,STHL 1ZZ,^(STHL1ZZ)$,en-SH, ,11/4 10:2
188,Saint-Kitts-and-Nevis-189.png,261 square kilometres,51134,KN,Saint Kitts and Nevis,Basseterre,NA,.kn,XCD,Dollar,+1-869,,,en-KN, ,11/4 10:2
189,Saint-Lucia-190.png,616 square kilometres,160922,LC,Saint Lucia,Castries,NA,.lc,XCD,Dollar,+1-758,,,en-LC, ,11/4 10:2
190,Saint-Martin-191.png,53 square kilometres,35925,MF,Saint Martin,Marigot,NA,.gp,EUR,Euro,590,### ###,,fr,SX ,11/4 10:2
191,Saint-Pierre-and-Miquelon-192.png,242 square kilometres,7012,PM,Saint Pierre and Miquelon,Saint-Pierre,NA,.pm,EUR,Euro,508,#####,^(97500)$,fr-PM, ,11/4 10:2
192,Saint-Vincent-and-the-Grenadines-193.png,389 square kilometres,104217,VC,Saint Vincent and the Grenadines,Kingstown,NA,.vc,XCD,Dollar,+1-784,,,"en-VC,fr", ,11/4 10:2
193,Samoa-194.png,2944 square kilometres,192001,WS,Samoa,Apia,OC,.ws,WST,Tala,685,,,"sm,en-WS", ,11/4 10:2
194,San-Marino-195.png,61 square kilometres,31477,SM,San Marino,San Marino,EU,.sm,EUR,Euro,378,4789#,^(4789\d)$,it-SM,IT ,11/4 10:2
195,Sao-Tome-and-Principe-196.png,1001 square kilometres,175808,ST,Sao Tome and Principe,Sao Tome,AF,.st,STD,Dobra,239,,,pt-ST, ,11/4 10:2
196,Saudi-Arabia-197.png,1960582 square kilometres,25731776,SA,Saudi Arabia,Riyadh,AS,.sa,SAR,Rial,966,#####,^(\d{5})$,ar-SA,QA OM IQ YE JO AE KW ,11/4 10:2
197,Senegal-198.png,196190 square kilometres,12323252,SN,Senegal,Dakar,AF,.sn,XOF,Franc,221,#####,^(\d{5})$,"fr-SN,wo,fuc,mnk",GN MR GW GM ML ,11/4 10:2
198,Serbia-199.png,88361 square kilometres,7344847,RS,Serbia,Belgrade,EU,.rs,RSD,Dinar,381,######,^(\d{6})$,"sr,hu,bs,rom",AL HU MK RO HR BA BG ME XK ,11/4 10:2
199,Serbia-and-Montenegro-200.png,102350 square kilometres,10829175,CS,Serbia and Montenegro,Belgrade,EU,.cs,RSD,Dinar,381,#####,^(\d{5})$,"cu,hu,sq,sr",AL HU MK RO HR BA BG ,11/4 10:2
200,Seychelles-201.png,455 square kilometres,88340,SC,Seychelles,Victoria,AF,.sc,SCR,Rupee,248,,,"en-SC,fr-SC", ,11/4 10:2
201,Sierra-Leone-202.png,71740 square kilometres,5245695,SL,Sierra Leone,Freetown,AF,.sl,SLL,Leone,232,,,"en-SL,men,tem",LR GN ,11/4 10:2
202,Singapore-203.png,692 square kilometres,4701069,SG,Singapore,Singapur,AS,.sg,SGD,Dollar,65,######,^(\d{6})$,"cmn,en-SG,ms-SG,ta-SG,zh-SG", ,11/4 10:2
203,Sint-Maarten-204.png,34 square kilometres,37429,SX,Sint Maarten,Philipsburg,NA,.sx,ANG,Guilder,599,,,"nl,en",MF ,11/4 10:2
204,Slovakia-205.png,48845 square kilometres,5455000,SK,Slovakia,Bratislava,EU,.sk,EUR,Euro,421,### ##,^(\d{5})$,"sk,hu",PL HU CZ UA AT ,11/4 10:2
205,Slovenia-206.png,20273 square kilometres,2007000,SI,Slovenia,Ljubljana,EU,.si,EUR,Euro,386,####,^(?:SI)*(\d{4})$,"sl,sh",HU IT HR AT ,11/4 10:2
206,Solomon-Islands-207.png,28450 square kilometres,559198,SB,Solomon Islands,Honiara,OC,.sb,SBD,Dollar,677,,,"en-SB,tpi", ,11/4 10:2
207,Somalia-208.png,637657 square kilometres,10112453,SO,Somalia,Mogadishu,AF,.so,SOS,Shilling,252,@@  #####,^([A-Z]{2}\d{5})$,"so-SO,ar-SO,it,en-SO",ET KE DJ ,11/4 10:2
208,South-Africa-209.png,1219912 square kilometres,49000000,ZA,South Africa,Pretoria,AF,.za,ZAR,Rand,27,####,^(\d{4})$,"zu,xh,af,nso,en-ZA,tn,st,ts,ss,ve,nr",ZW SZ MZ BW NA LS ,11/4 10:2
209,South-Georgia-and-the-South-Sandwich-Islands-210.png,3903 square kilometres,30,GS,South Georgia and the South Sandwich Islands,Grytviken,AN,.gs,GBP,Pound,,,,en, ,11/4 10:2
210,South-Korea-211.png,98480 square kilometres,48422644,KR,South Korea,Seoul,AS,.kr,KRW,Won,82,SEOUL ###-###,^(?:SEOUL)*(\d{6})$,"ko-KR,en",KP ,11/4 10:2
211,South-Sudan-212.png,644329 square kilometres,8260490,SS,South Sudan,Juba,AF,,SSP,Pound,211,,,en,CD CF ET KE SD UG  ,11/4 10:2
212,Spain-213.png,504782 square kilometres,46505963,ES,Spain,Madrid,EU,.es,EUR,Euro,34,#####,^(\d{5})$,"es-ES,ca,gl,eu,oc",AD PT GI FR MA ,11/4 10:2
213,Sri-Lanka-214.png,65610 square kilometres,21513990,LK,Sri Lanka,Colombo,AS,.lk,LKR,Rupee,94,#####,^(\d{5})$,"si,ta,en", ,11/4 10:2
214,Sudan-215.png,1861484 square kilometres,35000000,SD,Sudan,Khartoum,AF,.sd,SDG,Pound,249,#####,^(\d{5})$,"ar-SD,en,fia",SS TD EG ET ER LY CF ,11/4 10:2
215,Suriname-216.png,163270 square kilometres,492829,SR,Suriname,Paramaribo,SA,.sr,SRD,Dollar,597,,,"nl-SR,en,srn,hns,jv",GY BR GF ,11/4 10:2
216,Svalbard-and-Jan-Mayen-217.png,62049 square kilometres,2550,SJ,Svalbard and Jan Mayen,Longyearbyen,EU,.sj,NOK,Krone,47,,,"no,ru", ,11/4 10:2
217,Swaziland-218.png,17363 square kilometres,1354051,SZ,Swaziland,Mbabane,AF,.sz,SZL,Lilangeni,268,@###,^([A-Z]\d{3})$,"en-SZ,ss-SZ",ZA MZ ,11/4 10:2
218,Sweden-219.png,449964 square kilometres,9555893,SE,Sweden,Stockholm,EU,.se,SEK,Krona,46,### ##,^(?:SE)*(\d{5})$,"sv-SE,se,sma,fi-SE",NO FI ,11/4 10:2
219,Switzerland-220.png,41290 square kilometres,7581000,CH,Switzerland,Berne,EU,.ch,CHF,Franc,41,####,^(\d{4})$,"de-CH,fr-CH,it-CH,rm",DE IT LI FR AT ,11/4 10:2
220,Syria-221.png,185180 square kilometres,22198110,SY,Syria,Damascus,AS,.sy,SYP,Pound,963,,,"ar-SY,ku,hy,arc,fr,en",IQ JO IL TR LB ,11/4 10:2
221,Taiwan-222.png,35980 square kilometres,22894384,TW,Taiwan,Taipei,AS,.tw,TWD,Dollar,886,#####,^(\d{5})$,"zh-TW,zh,nan,hak", ,11/4 10:2
222,Tajikistan-223.png,143100 square kilometres,7487489,TJ,Tajikistan,Dushanbe,AS,.tj,TJS,Somoni,992,######,^(\d{6})$,"tg,ru",CN AF KG UZ ,11/4 10:2
223,Tanzania-224.png,945087 square kilometres,41892895,TZ,Tanzania,Dodoma,AF,.tz,TZS,Shilling,255,,,"sw-TZ,en,ar",MZ KE CD RW ZM BI UG MW ,11/4 10:2
224,Thailand-225.png,514000 square kilometres,67089500,TH,Thailand,Bangkok,AS,.th,THB,Baht,66,#####,^(\d{5})$,"th,en",LA MM KH MY ,11/4 10:2
225,Togo-226.png,56785 square kilometres,6587239,TG,Togo,Lome,AF,.tg,XOF,Franc,228,,,"fr-TG,ee,hna,kbp,dag,ha",BJ GH BF ,11/4 10:2
226,Tokelau-227.png,10 square kilometres,1466,TK,Tokelau,,OC,.tk,NZD,Dollar,690,,,"tkl,en-TK", ,11/4 10:2
227,Tonga-228.png,748 square kilometres,122580,TO,Tonga,Nuku'alofa,OC,.to,TOP,Pa'anga,676,,,"to,en-TO", ,11/4 10:2
228,Trinidad-and-Tobago-229.png,5128 square kilometres,1228691,TT,Trinidad and Tobago,Port of Spain,NA,.tt,TTD,Dollar,+1-868,,,"en-TT,hns,fr,es,zh", ,11/4 10:2
229,Tunisia-230.png,163610 square kilometres,10589025,TN,Tunisia,Tunis,AF,.tn,TND,Dinar,216,####,^(\d{4})$,"ar-TN,fr",DZ LY ,11/4 10:2
230,Turkey-231.png,780580 square kilometres,77804122,TR,Turkey,Ankara,AS,.tr,TRY,Lira,90,#####,^(\d{5})$,"tr-TR,ku,diq,az,av",SY GE IQ IR GR AM AZ BG ,11/4 10:2
231,Turkmenistan-232.png,488100 square kilometres,4940916,TM,Turkmenistan,Ashgabat,AS,.tm,TMT,Manat,993,######,^(\d{6})$,"tk,ru,uz",AF IR UZ KZ ,11/4 10:2
232,Turks-and-Caicos-Islands-233.png,430 square kilometres,20556,TC,Turks and Caicos Islands,Cockburn Town,NA,.tc,USD,Dollar,+1-649,TKCA 1ZZ,^(TKCA 1ZZ)$,en-TC, ,11/4 10:2
233,Tuvalu-234.png,26 square kilometres,10472,TV,Tuvalu,Funafuti,OC,.tv,AUD,Dollar,688,,,"tvl,en,sm,gil", ,11/4 10:3
234,US-Virgin-Islands-235.png,352 square kilometres,108708,VI,U.S. Virgin Islands,Charlotte Amalie,NA,.vi,USD,Dollar,+1-340,#####-####,^\d{5}(-\d{4})?$,en-VI, ,11/4 10:3
235,Uganda-236.png,236040 square kilometres,33398682,UG,Uganda,Kampala,AF,.ug,UGX,Shilling,256,,,"en-UG,lg,sw,ar",TZ KE SS CD RW ,11/4 10:3
236,Ukraine-237.png,603700 square kilometres,45415596,UA,Ukraine,Kiev,EU,.ua,UAH,Hryvnia,380,#####,^(\d{5})$,"uk,ru-UA,rom,pl,hu",PL MD HU SK BY RO RU ,11/4 10:3
237,United-Arab-Emirates-238.png,82880 square kilometres,4975593,AE,United Arab Emirates,Abu Dhabi,AS,.ae,AED,Dirham,971,,,"ar-AE,fa,en,hi,ur",SA OM ,11/4 10:3
238,United-Kingdom-239.png,244820 square kilometres,62348447,GB,United Kingdom,London,EU,.uk,GBP,Pound,44,@# #@@|@## #@@|@@# #@@|@@## #@@|@#@ #@@|@@#@ #@@|GIR0AA,^(([A-Z]\d{2}[A-Z]{2})|([A-Z]\d{3}[A-Z]{2})|([A-Z]{2}\d{2}[A-Z]{2})|([A-Z]{2}\d{3}[A-Z]{2})|([A-Z]\d[A-Z]\d[A-Z]{2})|([A-Z]{2}\d[A-Z]\d[A-Z]{2})|(GIR0AA))$,"en-GB,cy-GB,gd",IE ,11/4 10:3
239,United-States-240.png,9629091 square kilometres,310232863,US,United States,Washington,NA,.us,USD,Dollar,1,#####-####,^\d{5}(-\d{4})?$,"en-US,es-US,haw,fr",CA MX CU ,11/4 10:3
240,United-States-Minor-Outlying-Islands-241.png,0 square kilometres,0,UM,United States Minor Outlying Islands,,OC,.um,USD,Dollar,1,,,en-UM, ,11/4 10:3
241,Uruguay-242.png,176220 square kilometres,3477000,UY,Uruguay,Montevideo,SA,.uy,UYU,Peso,598,#####,^(\d{5})$,es-UY,BR AR ,11/4 10:3
242,Uzbekistan-243.png,447400 square kilometres,27865738,UZ,Uzbekistan,Tashkent,AS,.uz,UZS,Som,998,######,^(\d{6})$,"uz,ru,tg",TM AF KG TJ KZ ,11/4 10:3
243,Vanuatu-244.png,12200 square kilometres,221552,VU,Vanuatu,Port Vila,OC,.vu,VUV,Vatu,678,,,"bi,en-VU,fr-VU", ,11/4 10:3
244,Vatican-245.png,0 square kilometres,921,VA,Vatican,Vatican City,EU,.va,EUR,Euro,379,#####,^(\d{5})$,"la,it,fr",IT ,11/4 10:3
245,Venezuela-246.png,912050 square kilometres,27223228,VE,Venezuela,Caracas,SA,.ve,VEF,Bolivar,58,####,^(\d{4})$,es-VE,GY BR CO ,11/4 10:3
246,Vietnam-247.png,329560 square kilometres,89571130,VN,Vietnam,Hanoi,AS,.vn,VND,Dong,84,######,^(\d{6})$,"vi,en,fr,zh,km",CN LA KH ,11/4 10:3
247,Wallis-and-Futuna-248.png,274 square kilometres,16025,WF,Wallis and Futuna,Mata Utu,OC,.wf,XPF,Franc,681,#####,^(986\d{2})$,"wls,fud,fr-WF", ,11/4 10:3
248,Western-Sahara-249.png,266000 square kilometres,273008,EH,Western Sahara,El-Aaiun,AF,.eh,MAD,Dirham,212,,,"ar,mey",DZ MR MA ,11/4 10:3
249,Yemen-250.png,527970 square kilometres,23495361,YE,Yemen,Sanaa,AS,.ye,YER,Rial,967,,,ar-YE,SA OM ,11/4 10:3
250,Zambia-251.png,752614 square kilometres,13460305,ZM,Zambia,Lusaka,AF,.zm,ZMW,Kwacha,260,#####,^(\d{5})$,"en-ZM,bem,loz,lun,lue,ny,toi",ZW TZ MZ CD NA MW AO ,11/4 10:3
251,Zimbabwe-252.png,390580 square kilometres,11651858,ZW,Zimbabwe,Harare,AF,.zw,ZWL,Dollar,263,,,"en-ZW,sn,nr,nd",ZA MZ BW ZM ,11/4 10:3
